num,int,str
0.3618031072,-287790814,1advoh0lbl1ji
0.0376729716,535445604,3oiq9jc4gnhnq
0.3491153566,1924478780,1c3h4qdea40hn
0.1155912751,-301730690,3mah6uquc60ph
0.9450734577,281685584,6nvf2b0o99bm7
0.3395410102,-1121515410,5a931vp45opcu
0.692531342,-359794293,6tm1fadct46re
0.933686526,-466995634,73ka9je6mmuh7
0.1027749006,-238979097,2ihe21korbvgd
0.6428768673,-152517913,4rjjnadlddmtg
